AK,722718,0.00031848,0.000152317,6.22649E-05,0.000210317,0.000116228,4.28936E-05,4.5661E-05,5.3963E-05,4.5661E-05,3.59753E-05,4.01263E-05,7.88689E-05,9.96239E-05,0.000225537,0.000213084,0.00018126,0.000152203,0.000442773,0.000174342,0.000167424,0.000167424,3.87426E-05,7.74853E-05,4.151E-05,4.5661E-05,7.88689E-05,5.11956E-05,0.00018126,7.33343E-05,8.71709E-05,1.79877E-05,1.52203E-05,1.6604E-05,3.04406E-05,2.35223E-05,1.6604E-05,2.4906E-05,0.000197864,0.000153587,0.000300255,8.44036E-05,1.6604E-05,1.10693E-05,1.6604E-05,1.93713E-05,2.62896E-05,0.00013975,0.000186795,7.74853E-05,0.000112077,2.76733E-05,3.59753E-05,4.9812E-05,0.000120379,6.91833E-05,2.76733E-05,0.00022277,3.59753E-05,1.93713E-05,1.6604E-05,0.000323778,0.00029057,2.62896E-05,2.0755E-05,1.52203E-05,9.82403E-05,0.000163273,3.18243E-05,0.000896615,9.40893E-05,6.22649E-05,7.88689E-05,3.04406E-05,0.000116228,4.70446E-05,2.76733E-05,6.91833E-06,8.30199E-06,0.000215852,4.42773E-05,4.01263E-05,0.00015082,8.57873E-05,0.000203399,6.91833E-05,1.6604E-05,0.000260129,2.4906E-05,1.79877E-05,1.79877E-05,0.000101008,3.04406E-05,1.52203E-05,0.000352835,0.00016604,0.000190946,3.45916E-05,3.59753E-05,4.151E-05,4.84283E-05
AL,4802740,0.000164073,0.000119723,0.000264641,0.000500548,0.000245901,0.000290043,9.76526E-05,0.000199886,3.9769E-05,0.000141794,0.000289626,0.000208423,0.000436209,0.000777473,0.000787051,0.000673574,0.000579253,0.000919475,0.000421634,0.000174484,0.000121805,9.78608E-05,0.000273594,0.000167613,0.000107647,9.89019E-05,0.000117433,0.000454532,0.000163865,7.89133E-05,0.000137005,0.000166363,0.000148665,0.000214253,0.000124096,8.57844E-05,0.000127427,0.000639843,0.000769769,0.000967364,0.000422675,0.000152413,9.76526E-05,8.39104E-05,9.53622E-05,0.000233825,0.000408725,0.000479102,0.000497633,0.000468274,0.000161158,6.22561E-05,0.000144084,0.000206132,8.32858E-05,0.000175108,0.000597367,0.000165947,0.000195305,0.00011431,0.000161158,0.001201606,0.000160742,0.000107022,8.03708E-05,5.97576E-05,0.000350009,9.14062E-05,0.001751292,0.000225913,6.72533E-05,0.000347718,8.84912E-05,0.000167821,6.95436E-05,0.000185727,4.72647E-05,5.08043E-05,0.000588206,0.000201968,0.000219666,0.000738329,0.00039644,0.000537193,7.16258E-05,0.000252981,0.00095737,9.53622E-05,7.53736E-05,9.49458E-05,0.00051075,0.000110562,5.53851E-05,0.000993808,0.000382906,0.000325231,0.000181147,7.57901E-05,0.000152829,0.000223831
AR,2937979,0.000221921,8.40714E-05,0.000224304,0.000497961,0.000258341,0.000245407,5.71822E-05,0.000139552,5.10555E-06,0.00012832,0.000288974,0.000293059,0.000467328,0.000603816,0.000584075,0.000557526,0.000543231,0.001037788,0.000529956,9.9388E-05,6.22877E-05,0.000111982,0.000280125,0.000161676,0.000122193,0.000135808,0.000159293,0.000797147,0.000306673,0.000116407,9.22403E-05,0.000139552,0.000188225,0.000220219,0.000140573,8.74751E-05,8.47521E-05,0.000808379,0.00064398,0.000935677,0.000486389,0.000124235,7.79447E-05,0.000116066,0.000104153,0.000237238,0.000411167,0.000552761,0.000351262,0.000409806,0.000178014,6.63722E-05,0.000157251,0.000253235,6.50107E-05,0.000178694,0.000568078,0.000129681,0.000205583,0.00011981,0.000149422,0.001070123,0.000105515,9.59843E-05,7.69236E-05,8.13484E-05,0.000267531,6.36492E-05,0.001851953,0.000135127,6.46703E-05,0.000343774,0.000154188,0.000259702,9.12192E-05,0.00021171,4.01637E-05,4.93537E-05,0.000486048,0.000191288,0.000209328,0.000701162,0.000371003,0.000545613,5.71822E-05,0.000234175,0.000948611,5.71822E-05,6.33088E-05,8.44118E-05,0.000417634,0.000102451,5.41188E-05,0.001143303,0.000488091,0.000556165,7.62429E-05,4.83325E-05,0.000153847,0.000176992
AZ,6482505,9.34824E-05,5.95449E-05,0.000137601,0.000243887,0.000135287,0.000207327,4.7204E-05,0.000112457,7.06517E-05,0.000115079,0.000138989,0.00011801,0.000202082,0.000323795,0.000306672,0.000203008,0.000289394,0.000476976,0.000191284,7.45082E-05,3.23949E-05,4.0108E-05,0.000174624,0.000120478,8.91631E-05,9.30196E-05,8.73119E-05,0.000312534,5.7848E-05,9.71847E-05,7.06517E-05,8.11415E-05,5.90821E-05,9.47165E-05,7.0806E-05,3.31662E-05,4.53528E-05,0.000279676,0.000336598,0.000407713,0.000135133,8.39182E-05,3.65599E-05,4.92094E-05,7.45082E-05,0.000139452,0.000288932,0.000320709,0.000304049,0.000255457,0.00013683,3.73312E-05,0.000103972,0.000163363,8.8546E-05,9.08599E-05,0.000321326,5.67682E-05,0.000136059,7.45082E-05,0.000109988,0.000621828,0.000108754,7.63594E-05,6.7875E-05,4.59699E-05,0.000187428,5.63054E-05,0.001379559,4.27304E-05,5.09062E-05,0.00021504,2.68415E-05,0.000116159,6.58696E-05,0.000141766,3.45545E-05,3.56344E-05,0.000354338,8.29926E-05,0.000160586,0.000327651,0.000208253,0.000366371,4.10335E-05,0.000117547,0.000434863,5.75395E-05,7.45082E-05,3.03895E-05,0.000157501,0.000104898,3.11608E-05,0.000653143,0.000242345,4.30389E-05,1.54261E-05,5.04435E-05,6.61781E-05,0.000104281
CA,37691912,4.55005E-05,3.89739E-05,0.000139552,0.000208002,9.87745E-05,0.000117824,3.57371E-05,7.48702E-05,2.85472E-05,3.70902E-05,0.000163192,0.000130532,0.000145097,0.000251301,0.000220127,0.000140083,0.000238858,0.000346679,0.000121671,5.25046E-05,1.61573E-05,5.5821E-05,0.000115515,4.61637E-05,5.86863E-05,5.18148E-05,5.26638E-05,0.000176059,3.73024E-05,5.25577E-05,7.09701E-05,5.537E-05,3.74881E-05,0.000117877,6.07557E-05,2.68758E-05,3.22085E-05,0.000161626,0.000382708,0.00036663,0.00012902,5.72271E-05,1.27614E-05,5.09924E-05,2.33737E-05,9.94643E-05,0.000163563,0.00014913,0.000202457,0.000267166,0.000104983,2.25778E-05,6.47088E-05,8.68091E-05,4.57923E-05,9.99419E-05,0.000245384,5.50781E-05,9.10805E-05,5.86067E-05,8.45805E-05,0.000390482,8.35723E-05,3.10411E-05,2.94228E-05,2.7884E-05,0.00010416,2.78044E-05,0.00078879,3.31106E-05,3.19167E-05,0.000131885,4.09106E-05,7.77355E-05,3.84433E-05,0.000115303,3.19432E-05,3.53922E-05,0.000262125,8.75254E-05,0.000118036,0.000278495,0.000185955,0.000239203,1.5494E-05,0.000124297,0.000375439,4.26617E-05,4.00086E-05,4.5129E-05,0.000152102,0.000108989,8.11049E-05,0.000909585,0.000296138,0.000291681,5.45475E-05,3.69575E-05,4.45719E-05,6.69109E-05
CO,5116796,4.98359E-05,4.96404E-05,9.20498E-05,0.000181559,9.34178E-05,0.000134264,2.8338E-05,8.48188E-05,3.24422E-05,0.000124297,0.000116088,0.000110421,0.000183904,0.000199539,0.000201298,0.000135241,0.000230809,0.000402401,0.000139345,5.13994E-05,8.01284E-06,1.60257E-05,0.000113939,6.80114E-05,4.84679E-05,4.41683E-05,2.91198E-05,0.000180582,5.23766E-05,5.13994E-05,3.34194E-05,3.71327E-05,2.34522E-05,4.6709E-05,4.84679E-05,2.61883E-05,1.60257E-05,0.000147553,0.0001798,0.000310155,9.9281E-05,3.9087E-05,1.60257E-05,1.2117E-05,1.73937E-05,8.36462E-05,0.00018625,0.000148335,0.000201689,0.000199148,7.03566E-05,3.92824E-05,7.93466E-05,0.000135632,5.17903E-05,7.40699E-05,0.000250157,4.78816E-05,0.000102994,7.13338E-05,9.40043E-05,0.000456732,7.75877E-05,3.88916E-05,1.85663E-05,3.42011E-05,0.00028514,3.79144E-05,0.001366287,6.54707E-05,3.42011E-05,0.000184686,4.04551E-05,0.000100063,6.9184E-05,0.00015967,5.47218E-05,1.68074E-05,0.000211461,6.9184E-05,0.000101431,0.000313673,0.000134459,0.000241558,2.22796E-05,9.18545E-05,0.000358623,5.35492E-05,5.82396E-05,1.07489E-05,8.24736E-05,7.42653E-05,9.18545E-06,0.000502659,0.00018879,1.01626E-05,3.67418E-05,4.53409E-05,5.92168E-05,0.000125665
CT,3580709,0.000107241,0.000110872,0.000239059,0.000372552,0.000223699,0.000339598,6.95393E-05,0.000178736,0.000100539,0.000106124,0.000389308,0.000348255,0.000490406,0.000544026,0.000444046,0.000279554,0.000572792,0.000802076,0.00028877,0.000121764,6.64673E-05,0.00010389,0.000250509,0.000116737,0.000119809,0.000114223,7.76383E-05,0.000324796,0.000144664,7.70797E-05,9.60704E-05,0.000136007,0.000106683,0.000294355,0.0001846,7.79175E-05,5.86476E-05,0.000297427,0.000767446,0.000868822,0.000327868,0.000136007,4.83145E-05,0.000124556,6.78637E-05,0.000297706,0.000447677,0.000402434,0.000770518,0.000549891,0.000149412,6.14403E-05,0.000148015,0.000228446,0.000131538,0.000223419,0.000611611,0.000147178,0.000202195,0.000175664,0.000167844,0.000918254,0.000186555,5.16657E-05,5.61341E-05,8.26652E-05,0.000177898,8.88092E-05,0.001486856,6.64673E-05,8.88092E-05,0.000338201,6.87015E-05,9.07641E-05,8.37823E-05,0.00022314,8.57372E-05,8.26652E-05,0.000592341,0.000165889,0.000208618,0.000591782,0.000385399,0.000645403,9.7746E-05,0.000339877,0.000845363,0.000110593,9.94217E-05,7.87554E-05,0.000287932,0.00013098,6.67466E-05,0.001282986,0.000452424,6.70258E-06,0.000139358,5.5017E-05,0.000113944,0.000175664
DE,907135,0.000158742,0.00012567,0.000318585,0.000502682,0.000326302,0.000380318,9.81111E-05,0.000165356,0.000121261,0.000149923,0.00032079,0.000177482,0.000518115,0.000820165,0.000594178,0.000401263,0.000747408,0.000787093,0.00030205,0.000189608,0.000110237,0.00012567,0.000352759,0.000182994,0.000112442,0.000120159,0.000160946,0.00049717,0.000146615,7.05518E-05,0.000101418,0.000155434,0.000151025,0.000251341,0.00013008,8.92921E-05,0.000121261,0.000453075,0.000881897,0.000905047,0.000318585,0.000181891,0.000116851,6.61423E-05,8.70874E-05,0.000238112,0.000377011,0.000456382,0.00062725,0.00030205,0.000196222,0.00011134,0.000158742,0.000276695,0.000157639,0.000201734,0.000528036,0.000206144,0.00019512,0.00019071,0.000142206,0.000828984,0.000196222,7.05518E-05,0.000100316,7.7166E-05,0.000399059,9.03945E-05,0.002003009,0.000117954,5.07091E-05,0.000273388,0.000113544,0.000100316,0.000121261,0.000299845,0.000117954,7.16542E-05,0.0006041,0.000222679,0.000219372,0.000454177,0.000411185,0.000705518,0.000101418,0.000349452,0.000828984,6.72447E-05,9.70087E-05,0.000126773,0.000342838,0.000166458,8.81897E-05,0.001242373,0.00045087,3.52759E-05,8.04731E-05,0.000123466,0.000119056,0.000162049
FL,19057542,0.00014939,0.000148708,0.00022007,0.000384415,0.000220752,0.000381476,9.592E-05,0.000213459,0.000120949,0.000108986,0.000251082,0.000202649,0.00028393,0.000607738,0.000641059,0.000501954,0.00040829,0.000637228,0.000274957,0.000147973,9.84912E-05,0.000102322,0.000274485,0.000145874,0.000144457,0.0001337,0.000105785,0.000432427,0.00012394,0.000154742,0.000174681,0.000154427,9.4031E-05,0.000258743,0.000171533,9.4136E-05,8.18049E-05,0.000502163,0.000756079,0.000873093,0.000352039,0.000187275,0.000104158,0.000138003,0.000145612,0.000219441,0.000428229,0.000563976,0.00069096,0.000510139,0.000220648,9.03579E-05,0.000152695,0.000198242,0.000148288,0.000178879,0.000540101,0.000160356,0.000219283,0.000156578,0.000168542,0.001117563,0.000195513,9.39785E-05,8.56879E-05,6.77947E-05,0.000301928,7.99159E-05,0.001573393,0.000112501,7.36716E-05,0.000318876,0.000102164,0.000127456,0.000120792,0.00026929,0.000102164,7.12054E-05,0.000554059,0.000185491,0.000174367,0.000519532,0.000399842,0.000587956,8.57928E-05,0.000283352,0.000860814,7.03134E-05,9.65497E-05,0.000107779,0.000455515,0.00014472,7.04708E-05,0.00097914,0.000377751,0.000458454,7.70823E-05,7.79219E-05,0.000129503,0.000208421
GA,9815210,0.000103411,6.84652E-05,0.000181249,0.000336417,0.000153843,0.000193577,4.86999E-05,0.00012124,3.15836E-05,9.31208E-05,0.000179517,0.000145692,0.000388377,0.000439114,0.000448793,0.000348948,0.000404576,0.000534986,0.000216093,0.000111154,5.17564E-05,7.22348E-05,0.000203969,9.44453E-05,6.37786E-05,6.28616E-05,7.19292E-05,0.000300452,9.7298E-05,6.78539E-05,0.000137338,9.8113E-05,6.45936E-05,0.000154454,0.000113599,5.8175E-05,8.48683E-05,0.000396222,0.000590003,0.000681799,0.000238507,0.000101985,4.98206E-05,6.67332E-05,5.38959E-05,0.000151296,0.000265404,0.000270091,0.000309621,0.000338862,0.00018023,4.48284E-05,9.83168E-05,0.000147017,5.56279E-05,0.000139987,0.00039989,8.72116E-05,0.000109626,7.91629E-05,0.000137134,0.000593976,0.00010932,4.91075E-05,3.56589E-05,4.10587E-05,0.000239832,5.30809E-05,0.00114618,0.000124297,4.21794E-05,0.000217316,6.9484E-05,7.35593E-05,5.31828E-05,9.9845E-05,2.23123E-05,4.54397E-05,0.000313697,0.000150277,0.000218436,0.000426787,0.000358627,0.00051033,5.62392E-05,0.00019969,0.000598765,4.63566E-05,4.64585E-05,7.17254E-05,0.00028843,0.000110237,6.56125E-05,0.000931004,0.000310131,0.000120527,3.77985E-05,5.34884E-05,7.6412E-05,0.000137542
HI,1374810,1.7457E-05,1.38201E-05,0.000167296,0.000222576,0.00014111,2.47307E-05,2.61854E-05,2.69128E-05,1.30927E-05,9.45585E-06,0.000120744,0.00014111,6.47362E-05,0.000149839,9.45585E-05,9.01943E-05,0.000177479,0.000301133,0.000117107,2.25486E-05,1.09106E-05,3.7096E-05,0.00011638,2.98223E-05,3.34592E-05,2.90949E-05,4.2915E-05,0.000114198,1.30927E-05,1.01832E-05,4.8734E-05,1.60022E-05,1.30927E-05,0.000173842,9.38311E-05,7.49194E-05,1.01832E-05,9.52859E-05,0.000263309,0.000306952,0.000104014,1.09106E-05,5.09161E-06,2.61854E-05,1.01832E-05,7.49194E-05,0.000117107,0.000165841,0.000153476,9.31038E-05,4.94614E-05,1.1638E-05,3.92782E-05,5.89172E-05,6.47362E-05,7.05552E-05,0.000293131,2.10938E-05,5.30982E-05,7.34647E-05,8.72848E-06,0.00014402,1.1638E-05,8.72848E-06,8.00111E-06,8.00111E-06,7.201E-05,2.40033E-05,0.000533892,2.40033E-05,1.1638E-05,0.000117107,2.83676E-05,1.01832E-05,2.40033E-05,7.71016E-05,9.45585E-06,2.10938E-05,0.00021312,2.69128E-05,9.7468E-05,0.000240033,0.000104742,0.000170933,0.000218212,1.89117E-05,0.000173842,1.1638E-05,8.00111E-06,1.60022E-05,2.98223E-05,7.63742E-05,0.000218212,0.000699006,0.000265491,0.00037096,1.60022E-05,1.01832E-05,9.45585E-06,3.27318E-05
IA,3062309,0.000169153,6.13916E-05,0.000155112,0.000351042,0.000184501,0.000145315,3.72268E-05,0.000114293,5.97588E-05,0.000136825,0.000236423,0.000176338,0.000418638,0.000446395,0.000389249,0.000286059,0.000523788,0.000744536,0.00032949,6.13916E-05,2.74303E-05,3.62472E-05,0.00021585,0.000134866,9.69856E-05,0.000109721,0.000155765,0.000484275,9.89449E-05,5.38809E-05,3.82065E-05,9.6006E-05,9.89449E-05,0.000225973,0.000143029,8.22908E-05,5.58402E-05,0.000443456,0.000485908,0.000635795,0.000286712,9.07812E-05,2.08993E-05,8.52298E-05,4.73499E-05,0.000237729,0.000315448,0.000390228,0.000272344,0.000328837,0.000100578,5.77995E-05,0.000127681,0.000187114,9.46998E-05,0.000139764,0.000489826,7.93519E-05,0.000181236,0.000144662,0.000100251,0.000682818,8.49033E-05,5.51871E-05,2.93896E-05,4.27782E-05,0.000209972,0.00012115,0.00215491,5.25747E-05,0.000100251,0.000360839,6.92288E-05,0.000127355,7.41271E-05,0.000228586,5.68199E-05,5.48606E-05,0.000427782,9.89449E-05,0.000149234,0.000476764,0.000284426,0.000483622,7.02085E-05,0.000157398,0.000530972,7.60864E-05,5.58402E-05,3.95127E-05,0.000193318,0.000119844,2.22055E-05,0.00089279,0.00038533,0.000538809,0.000136825,3.82065E-05,0.000120824,0.000131927
ID,1584985,7.12941E-05,7.57105E-06,0.000112935,0.000227131,0.000114828,8.20197E-05,1.89276E-05,3.65934E-05,2.58678E-05,0.000101578,0.000131232,9.27454E-05,0.000229024,0.000179812,0.000138172,9.21144E-05,0.000240381,0.000382338,0.000161516,2.52368E-05,1.26184E-05,1.51421E-05,0.000124291,6.94013E-05,4.03789E-05,5.42592E-05,5.6152E-05,0.000201264,6.18302E-05,1.82967E-05,3.59625E-05,3.2177E-05,4.29026E-05,7.57105E-05,5.17355E-05,3.91171E-05,3.53316E-05,0.00012997,0.000220191,0.000268772,8.13888E-05,2.33441E-05,1.19875E-05,1.26184E-05,6.94013E-06,9.46381E-05,0.000128708,0.000141957,0.000105364,6.87704E-05,8.07579E-05,1.76658E-05,8.83289E-05,0.000128708,3.1546E-05,6.94013E-05,0.000215144,3.53316E-05,8.01269E-05,6.87704E-05,5.48901E-05,0.000297164,7.63414E-05,4.98427E-05,4.10099E-05,4.16408E-05,0.000341959,5.86756E-05,0.001492128,0.000153314,6.49848E-05,0.000169087,8.13888E-05,8.07579E-05,5.29973E-05,8.13888E-05,8.20197E-06,1.5773E-05,0.000129339,4.92118E-05,8.70671E-05,0.000210097,0.000170349,0.000244797,6.94013E-06,4.35335E-05,0.000230917,3.02842E-05,9.46381E-06,1.89276E-05,6.3723E-05,5.5521E-05,1.38803E-05,0.00067824,0.000288962,0.000359625,3.91171E-05,7.38177E-05,7.12941E-05,5.6152E-05
IL,12869257,9.63537E-05,0.000153233,0.000223867,0.000400722,0.00021159,0.000355421,0.000106455,0.000224566,0.00016248,0.000142122,0.000233269,0.000200789,0.000256425,0.000582163,0.000597704,0.000474386,0.0004597,0.000780232,0.000317035,0.000135439,7.8637E-05,8.71845E-05,0.000221847,0.00012052,0.000114692,9.05258E-05,8.15121E-05,0.000376789,0.000129844,9.4411E-05,0.000128756,0.000156419,9.79855E-05,0.000228995,0.000132253,5.79676E-05,9.1536E-05,0.000443071,0.000742001,0.000896633,0.000381141,0.000193096,8.66406E-05,7.97249E-05,0.000122618,0.000247722,0.000409348,0.00043872,0.00065637,0.000583173,0.000216873,7.9181E-05,0.000146706,0.000189444,0.00014422,0.000193096,0.000534763,0.000145851,0.000195971,0.000128756,0.000187035,0.001036967,0.000177943,7.12551E-05,6.29407E-05,6.81469E-05,0.000180352,7.07889E-05,0.001561473,4.00956E-05,6.32515E-05,0.000284787,6.02987E-05,9.53435E-05,9.50327E-05,0.0003534,9.9695E-05,8.36101E-05,0.000628475,0.000197991,0.000231404,0.000718612,0.000376634,0.000555898,6.38732E-05,0.000269946,0.000821648,0.000113371,0.000100161,0.000132331,0.000454416,0.000164811,9.03704E-05,0.001212968,0.000388601,0.000686209,0.000261554,1.95816E-05,9.92287E-05,0.000258756
IN,6516922,0.000165416,0.000127821,0.000235541,0.00045098,0.00023953,0.000300755,8.30147E-05,0.00016296,0.000107413,0.000134266,0.000253494,0.000206693,0.000457118,0.000696955,0.000721506,0.000558546,0.000561308,0.000857,0.000348631,9.928E-05,4.20444E-05,0.000111402,0.000306586,0.000146081,0.000107413,0.000116773,9.0687E-05,0.000494098,0.000214825,0.000106952,0.000120149,0.000150838,0.000156209,0.000223111,0.000148229,6.38338E-05,8.76181E-05,0.000544582,0.000730867,0.000958735,0.000386225,0.000150838,6.88976E-05,0.000132271,9.05335E-05,0.000250425,0.000413692,0.000470774,0.000541974,0.000526015,0.00018567,6.81303E-05,0.0001536,0.000193803,0.000117387,0.000156362,0.000491336,0.000135954,0.000183062,0.000100508,0.000165262,0.000931575,0.000147309,6.42942E-05,5.03305E-05,6.75165E-05,0.000267151,6.69027E-05,0.001764483,8.40888E-05,7.13527E-05,0.000293237,0.000113704,9.83593E-05,6.84372E-05,0.000246282,5.93839E-05,6.24528E-05,0.000517422,0.000187051,0.000227101,0.000662276,0.000406941,0.000580949,8.30147E-05,0.000262854,0.00080759,8.91525E-05,8.82318E-05,8.24009E-05,0.000314566,0.00014869,5.93839E-05,0.001170491,0.00039221,0.000359219,7.38078E-05,7.10458E-05,0.000111556,0.000190427
KS,2871238,0.000206879,7.87117E-05,0.000181455,0.000318678,0.000148368,0.000183893,5.22423E-05,0.000113888,4.24904E-05,9.15981E-05,0.000186331,0.000190858,0.000366044,0.000327037,0.000369527,0.000302309,0.000422466,0.000729302,0.000300219,6.3039E-05,1.81107E-05,4.84112E-05,0.000188072,0.000149065,0.000121899,0.000116674,6.93081E-05,0.000329475,0.000139661,0.000120506,6.23424E-05,0.000117023,7.13978E-05,0.000124337,8.70705E-05,3.65696E-05,6.82632E-05,0.000457991,0.000450328,0.000626559,0.000230911,9.96086E-05,3.79627E-05,4.7018E-05,3.8311E-05,0.000197824,0.000334351,0.000392514,0.000263998,0.00026156,0.000120157,3.8311E-05,0.000145234,0.000198521,7.59254E-05,0.00010936,0.000456597,6.7915E-05,0.000145234,8.46325E-05,0.000102395,0.000752637,8.81153E-05,5.15457E-05,3.86593E-05,5.67699E-05,0.000315195,9.09016E-05,0.002155168,8.25428E-05,5.85113E-05,0.000319723,7.00046E-05,0.000165434,6.26907E-05,0.000180758,5.60734E-05,3.23902E-05,0.0003953,0.00010135,0.000148368,0.000589293,0.000308926,0.000513019,5.36354E-05,0.000119461,0.00055133,5.25906E-05,4.9456E-05,5.05009E-05,0.000154637,0.000107271,3.09971E-05,0.001026735,0.000386593,0.000434307,5.05009E-05,5.85113E-05,9.22947E-05,0.000144885
KY,4369356,0.000166615,0.000118782,0.000275784,0.000443315,0.000269376,0.000435076,7.39239E-05,0.000210786,7.50683E-05,0.000113976,0.000362067,0.0002989,0.000756862,0.001026009,0.000992137,0.001050727,0.000816139,0.001142274,0.000520443,0.000115349,8.26209E-05,0.00013526,0.000442628,0.000165928,0.000107567,0.000120613,0.000163182,0.000760982,0.000182407,0.000144415,0.000124961,0.000148992,0.000124503,0.000338723,0.000203691,9.77261E-05,0.000112831,0.000770594,0.000928512,0.001099018,0.000536235,0.000163411,8.37652E-05,0.000247634,0.000163182,0.00027876,0.0004543,0.00063419,0.000697357,0.000717955,0.000176914,5.95053E-05,0.000175312,0.000230469,9.2691E-05,0.000215821,0.000675614,0.000155629,0.000183322,0.000119011,0.000196368,0.001332462,0.000146932,0.000109169,8.94869E-05,0.000114662,0.000206438,0.000124961,0.001709405,0.000120155,8.12477E-05,0.00032705,7.50683E-05,9.70395E-05,7.96456E-05,0.000262739,6.38538E-05,7.00332E-05,0.00060581,0.000192935,0.000210786,0.000748623,0.000483138,0.000734204,0.000106652,0.00034124,0.000996943,7.50683E-05,8.78848E-05,8.97157E-05,0.000429354,0.000155629,5.74455E-05,0.001275703,0.000448808,0.000499616,0.000129081,8.42229E-05,0.000139838,0.000239395
LA,4574836,0.00016241,5.18051E-05,0.000200007,0.000374877,0.000198696,0.000208969,6.64505E-05,0.000135743,1.90171E-05,8.56861E-05,0.000212685,0.000245036,0.000243287,0.000516303,0.000483952,0.000469962,0.000415097,0.000804619,0.000389085,0.000132245,7.4101E-05,0.000110386,0.000269518,0.000116288,7.19151E-05,5.83627E-05,0.00010055,0.000350395,7.19151E-05,5.72698E-05,0.000183176,0.000158913,0.000114758,0.000141426,8.74348E-05,4.43732E-05,7.54125E-05,0.000434114,0.000736201,0.000966373,0.000495974,0.000129841,7.97843E-05,6.79806E-05,8.74348E-05,0.000198477,0.000322853,0.000420562,0.000319356,0.000316951,0.000227331,4.91821E-05,0.000116944,0.000148858,5.48654E-05,0.000170717,0.00043324,0.000155634,0.000161317,0.000101643,0.000140989,0.000828008,0.000116507,6.68876E-05,6.75434E-05,5.26795E-05,0.000235855,3.91271E-05,0.001183649,0.000110824,3.73784E-05,0.000229954,7.27895E-05,8.48118E-05,4.28431E-05,0.00012525,1.79241E-05,6.53575E-05,0.000570294,0.000189296,0.000226893,0.000676746,0.000419687,0.000595213,6.25159E-05,0.000316295,0.000999161,7.56311E-05,7.62869E-05,0.000130059,0.000560457,0.00011454,6.09858E-05,0.001015993,0.000407665,5.07122E-05,2.42632E-05,2.36074E-05,5.20237E-05,0.000153011
MA,6587536,0.000111119,0.000161669,0.000217532,0.000377531,0.000206299,0.000286602,0.000121138,0.000275672,0.000180037,0.0001348,0.000311346,0.000320909,0.000317418,0.00066307,0.000670053,0.000506259,0.000487891,0.000889862,0.000352787,0.000176546,0.000111878,7.72671E-05,0.000225729,0.000131157,0.000108235,0.000102466,5.51041E-05,0.000250777,0.000140872,0.000111271,0.000117495,0.000151043,0.000116584,0.000296924,0.000185654,0.000112941,6.77036E-05,0.000318632,0.000731078,0.000967433,0.00041032,0.000157267,4.26563E-05,0.000156963,9.27509E-05,0.000294799,0.000489105,0.000472255,0.000830811,0.000659124,0.000151195,9.01703E-05,0.000129791,0.00021571,0.00017943,0.000202352,0.000589598,0.000141479,0.000210701,0.000153016,0.000198709,0.001282574,0.00021738,4.26563E-05,6.37568E-05,0.000122959,0.000154231,6.86144E-05,0.001484774,5.00946E-05,7.72671E-05,0.000291611,5.85955E-05,0.000147551,0.000123718,0.00037404,0.000209638,8.22766E-05,0.000706941,0.000201441,0.00019127,0.000688725,0.000361896,0.000642425,0.000100037,0.00034201,0.000980336,6.55784E-05,0.00010869,8.30356E-05,0.000339581,0.000103529,7.11951E-05,0.001077338,0.000341099,0.000188386,0.000454495,7.9696E-05,0.000168955,0.000235596
MD,5828289,0.000121133,0.000219618,0.000284303,0.000480072,0.000253248,0.000425682,0.000126795,0.000252733,0.000181185,0.000180499,0.000161969,0.000204348,0.000405093,0.000519363,0.000665375,0.000450046,0.000312098,0.000872812,0.000261826,0.000145669,8.09843E-05,0.000105691,0.00023832,0.000124222,9.38526E-05,8.90484E-05,5.71351E-05,0.000289965,9.38526E-05,7.85822E-05,0.000151331,0.000159395,0.000116329,0.000193196,0.000246384,0.000132457,5.86793E-05,0.000318962,0.00075511,0.000982621,0.000377469,0.000184274,7.5837E-05,0.000142409,0.000154076,0.000176553,0.000432717,0.000470636,0.000750821,0.000674297,0.000230943,0.000110839,0.000142066,0.00020126,0.000140522,0.000202804,0.000521251,0.000233001,0.000204005,0.000122334,0.000200402,0.000932178,0.000195769,5.95372E-05,4.28942E-05,0.000113412,0.000221677,7.66949E-05,0.001519142,6.84592E-05,5.54194E-05,0.000252733,8.01264E-05,0.000124736,9.71125E-05,0.000313128,0.000131085,6.53708E-05,0.000579758,0.00023832,0.000263885,0.000655081,0.000349674,0.000636722,0.000174837,0.000244497,0.0009085,7.97833E-05,0.000131428,0.000128854,0.000396686,0.000190965,8.54453E-05,0.001307245,0.000543727,0.001156772,0.000133315,6.98318E-05,0.000129712,0.000291681
ME,1328188,0.000154346,0.00010616,0.000191991,0.00042765,0.000154346,0.000198014,7.07731E-05,0.000100889,5.04447E-05,8.7337E-05,0.00022813,0.000278575,0.000411086,0.000578231,0.000670086,0.00041711,0.000521011,0.000906498,0.000265023,4.29156E-05,2.03284E-05,5.64679E-05,0.000173168,0.000156604,0.000138535,0.000103901,0.000101642,0.000364406,0.000198767,6.92673E-05,5.79737E-05,0.000153593,0.000131006,0.000395275,0.000355371,0.000221354,7.1526E-05,0.000486377,0.000520258,0.000911016,0.00030568,7.37847E-05,2.10814E-05,0.000160369,1.20465E-05,0.000234907,0.000497671,0.00044572,0.000386241,0.000355371,0.000113689,6.02324E-05,9.48661E-05,0.000225119,0.000124982,0.000131006,0.000454755,4.06569E-05,0.000137029,9.78777E-05,0.000115947,0.000917792,0.00014004,3.76453E-05,2.63517E-05,0.000105407,0.00020479,6.92673E-05,0.001881511,4.36685E-05,7.60435E-05,0.000347089,5.5715E-05,0.000158863,8.7337E-05,0.000263517,8.88428E-05,3.31278E-05,0.000496918,0.000128747,9.26074E-05,0.000408828,0.000234154,0.000513482,2.25872E-05,6.92673E-05,0.000576726,0.000131758,7.37847E-05,9.03487E-06,0.000133264,9.86306E-05,2.86104E-05,0.001054821,0.000435932,0.000434426,0.00044045,7.22789E-05,0.000118206,0.000204037
MI,9876187,0.000134161,0.000125757,0.000263665,0.000422025,0.000200178,0.000398939,0.000121909,0.000248274,0.000119682,0.00014459,0.000258703,0.000169397,0.000424557,0.000722647,0.000727507,0.000463944,0.000496548,0.000647011,0.000246249,0.000133149,7.39152E-05,0.000105709,0.000294851,0.000136186,0.00013244,0.000105405,0.000118163,0.000548795,0.000160082,0.000129807,0.000163221,0.000177801,0.00015026,0.000362286,0.000216885,0.000122719,0.00011229,0.000480145,0.000910169,0.000924041,0.000338288,0.000212531,9.83173E-05,0.000170207,0.00011553,0.000306596,0.000467387,0.000450984,0.000721129,0.000558414,0.000254754,9.16346E-05,0.000148944,0.000181852,0.000122213,0.000242502,0.000626659,0.000119176,0.000196331,0.000129908,0.000200988,0.001017295,0.000185395,6.1866E-05,4.16153E-05,8.74832E-05,0.000305887,7.56365E-05,0.00170582,9.48747E-05,7.69528E-05,0.000258501,6.02459E-05,0.000169094,7.49277E-05,0.000280675,8.55593E-05,0.000100444,0.00058879,0.000212531,0.000248071,0.000542213,0.000467387,0.000617951,9.29509E-05,0.000299711,0.000709788,0.000124036,0.00010662,0.000113303,0.000350743,0.00021,0.000115227,0.001574292,0.000545555,6.96625E-05,0.000112088,0.00011067,0.000160993,0.000222454
MN,5344861,8.32575E-05,9.18639E-05,0.000153793,0.000274469,0.000144251,0.000134709,3.96643E-05,0.000134148,5.93093E-05,0.000104774,0.000140509,0.00012947,0.000267734,0.000257256,0.000249024,0.000139199,0.00029243,0.000545009,0.00017138,5.07029E-05,1.06644E-05,5.25739E-05,0.000143128,0.00011469,0.00010889,8.49414E-05,0.000100845,0.000348559,9.80381E-05,0.000123483,6.64189E-05,9.95349E-05,5.29481E-05,0.000132651,0.000102154,4.34062E-05,6.2677E-05,0.000265114,0.000350804,0.000535281,0.000188031,7.50253E-05,1.04774E-05,8.25092E-05,3.47998E-05,0.000149302,0.000293553,0.000299353,0.000291869,0.000292805,0.000119367,6.58577E-05,0.000115251,0.00018616,9.46704E-05,9.89736E-05,0.000396268,3.44256E-05,0.000160715,9.3922E-05,0.000109264,0.000653899,0.000119741,6.47351E-05,4.26578E-05,5.61287E-05,0.000203747,6.8477E-05,0.001766557,4.43417E-05,5.51932E-05,0.000234805,2.60063E-05,0.000203373,6.21157E-05,0.000200754,6.71673E-05,3.76062E-05,0.000319185,6.92254E-05,0.000137702,0.000400572,0.000178302,0.000345004,2.76901E-05,9.24252E-05,0.000420404,6.52964E-05,6.64189E-05,2.61934E-05,0.000147244,8.9993E-05,3.70449E-05,0.00071246,0.000313946,0.000558855,0.000143315,3.96643E-05,0.000101406,0.000146683
MO,6010688,0.000171361,0.0001123,0.000275509,0.000453858,0.000259039,0.000322592,0.000102151,0.000228926,9.38329E-05,0.000111634,0.000360025,0.000216115,0.000609082,0.000568986,0.000568487,0.000449366,0.000622558,0.000847823,0.00035936,0.000104813,4.24244E-05,0.000108806,0.000306121,0.000169698,0.000116126,0.000114962,0.000150066,0.000536544,0.000150399,0.00010315,0.000123114,0.000156721,0.000117457,0.000225598,0.000131765,6.35535E-05,0.00011596,0.000605089,0.000859469,0.00085115,0.000340394,0.000136424,7.12065E-05,0.000114296,0.000114463,0.000277173,0.000416092,0.000485302,0.000482308,0.000572647,0.000231754,7.70295E-05,0.000168699,0.00024157,0.000147238,0.000204635,0.000572314,0.000143411,0.00018883,0.000126109,0.000202639,0.001112352,0.000169531,9.33337E-05,7.23711E-05,7.85268E-05,0.00030113,9.93231E-05,0.00178532,0.000120951,8.55143E-05,0.000337233,8.43497E-05,0.000129436,8.00241E-05,0.000292645,6.87109E-05,7.33693E-05,0.000538541,0.000186335,0.000254879,0.000626717,0.000423412,0.000580466,8.25197E-05,0.000240405,0.000753491,0.000109472,0.00012744,9.84912E-05,0.000356199,0.000194487,8.28524E-05,0.001314991,0.000420751,0.000558339,0.000141748,0.000103981,0.000165705,0.000205467
MS,2978512,0.000197414,0.000111465,0.000287728,0.000516365,0.000291421,0.000308208,0.000103743,0.000191371,4.16315E-05,0.000137317,0.00030015,0.000249118,0.000446196,0.00072083,0.000740303,0.000732245,0.000596271,0.000964911,0.0004979,0.000232331,0.000167533,0.000130938,0.000376362,0.00014571,0.000115158,0.000128588,0.000164512,0.000475741,0.000166526,7.78912E-05,0.000160147,0.000159811,0.000114151,0.000252811,0.000165519,0.000113479,9.66926E-05,0.000551953,0.000913208,0.001084098,0.000541546,0.000149739,6.24473E-05,0.000145039,9.63568E-05,0.000230652,0.000349503,0.000464662,0.00044586,0.000449553,0.000214872,6.24473E-05,0.000163169,0.000221923,6.88263E-05,0.000222594,0.000664426,0.000178948,0.000153097,0.000129259,0.000189356,0.001259018,0.000129595,7.41981E-05,0.000105758,4.49889E-05,0.000201779,6.37902E-05,0.001543724,0.000143696,7.65483E-05,0.00032298,0.000117844,9.13208E-05,5.37181E-05,0.000204129,6.00971E-05,5.60683E-05,0.000593249,0.000241731,0.000275641,0.000806107,0.000417658,0.000632866,9.80355E-05,0.00034581,0.001081748,8.82991E-05,7.48696E-05,0.000137317,0.000619437,0.000136645,7.35266E-05,0.001196571,0.00042068,0.000541881,0.000156454,7.55411E-05,9.43424E-05,0.000208829
MT,998199,0.000174314,6.31137E-05,0.000117211,0.000321579,0.000165298,8.51534E-05,2.60469E-05,5.6101E-05,1.90343E-05,0.000143258,0.000191345,0.000201363,0.000269485,0.00032759,0.000248447,0.000209377,0.000384693,0.000601083,0.000242437,3.70668E-05,1.40253E-05,1.50271E-05,0.000126227,0.000135244,7.71389E-05,7.31317E-05,7.41335E-05,0.000383691,0.000116209,1.10198E-05,2.90523E-05,8.61552E-05,7.51353E-05,3.6065E-05,3.00541E-05,1.40253E-05,2.60469E-05,0.000217392,0.000293529,0.000443799,0.000146263,2.60469E-05,1.20217E-05,2.70487E-05,1.50271E-05,0.00014426,0.000193348,0.000165298,0.000130235,9.7175E-05,1.90343E-05,6.51173E-05,0.000120217,0.000199359,7.01263E-05,7.71389E-05,0.000406733,1.30235E-05,0.00014426,6.31137E-05,5.30956E-05,0.000425767,9.41696E-05,7.61371E-05,3.30595E-05,3.10559E-05,0.000389702,7.91425E-05,0.001990585,8.91606E-05,6.21119E-05,0.00029453,7.91425E-05,0.000130235,5.50992E-05,0.000137247,1.70307E-05,2.50451E-05,0.000231417,5.71028E-05,7.31317E-05,0.000363655,0.000126227,0.000345622,1.10198E-05,9.81768E-05,0.000346624,1.40253E-05,2.50451E-05,3.00541E-05,0.000109197,8.01443E-05,6.01083E-05,0.000611101,0.000282509,0.000398718,6.91245E-05,6.71209E-05,9.2166E-05,0.000106191
NC,9656401,0.00011816,0.000110497,0.000270183,0.00045255,0.000240359,0.000293381,9.82768E-05,0.000151402,6.02709E-05,0.000152127,0.000360693,0.000223064,0.000521623,0.000564392,0.000520173,0.000359968,0.000565221,0.000601777,0.000211362,0.000117746,5.18827E-05,9.65163E-05,0.000261588,0.00012748,9.79661E-05,9.09241E-05,9.74483E-05,0.000392175,0.000132762,0.000106251,0.000104594,0.00011029,7.20765E-05,0.000292138,0.000183091,0.000108218,0.000106665,0.000523176,0.000805373,0.000816971,0.000303736,0.000124995,4.43229E-05,0.000150884,9.17526E-05,0.000285407,0.000443229,0.000464045,0.000434634,0.000551655,0.000200799,6.38954E-05,0.000132555,0.000190133,9.65163E-05,0.000195,0.000543163,0.000101694,0.000165486,0.00012137,0.000183505,0.000876828,0.000146638,6.72093E-05,5.97531E-05,9.12348E-05,0.000274222,8.56427E-05,0.001638292,0.000131312,8.16039E-05,0.000305704,7.00054E-05,8.66783E-05,7.90149E-05,0.00017636,4.06984E-05,6.07887E-05,0.000414544,0.000229589,0.000226482,0.000523073,0.000455035,0.000634191,8.0879E-05,0.000289445,0.000656352,0.000103765,9.10277E-05,0.00011029,0.000342778,0.000140632,7.81865E-05,0.001356406,0.000473779,0.000244294,9.74483E-05,9.38238E-05,0.000119506,0.00015368
ND,683932,0.00026026,2.77805E-05,0.000236866,0.000413784,0.000222244,0.000111122,3.21669E-05,6.87203E-05,3.21669E-05,0.000159373,0.000469345,0.000220782,0.000383079,0.000258798,0.000269033,0.000143289,0.000504436,0.000581929,0.000212009,4.24019E-05,7.31067E-06,8.62659E-05,0.000286578,0.000273419,0.000193002,0.000163759,0.000195926,0.000710597,7.16445E-05,7.01824E-05,7.6031E-05,0.000193002,0.00010966,0.000261722,0.000140365,8.18795E-05,7.16445E-05,0.000536603,0.000681354,0.000625793,0.000226631,9.06523E-05,3.07048E-05,7.6031E-05,2.33941E-05,0.000194464,0.000274881,0.000283654,0.000166683,0.000173994,0.000169608,5.26368E-05,0.000257336,0.000261722,4.3864E-05,0.000195926,0.000580467,4.82504E-05,0.000173994,0.000118433,0.000137441,0.000615558,0.000140365,7.6031E-05,5.99475E-05,6.28717E-05,0.000200312,0.00019885,0.003060246,8.7728E-05,0.000146213,0.000464959,6.14096E-05,0.000264646,7.16445E-05,0.000210547,3.94776E-05,3.36291E-05,0.00037723,9.50387E-05,0.000233941,0.000394776,0.000380155,0.000564384,7.16445E-05,0.000168145,0.000378693,0.000131592,0.000116971,6.5796E-05,0.00017107,0.000200312,2.33941E-05,0.001212109,0.000375768,0.000146213,0.000125743,1.75456E-05,2.48563E-05,0.000137441
NE,1842641,0.000172578,5.53553E-05,0.000155212,0.000334303,0.000179633,0.000189945,2.55069E-05,0.000131876,5.5898E-05,0.000144901,0.0001487,0.000167694,0.000225763,0.000454239,0.000418421,0.000300655,0.000422763,0.00083033,0.00031965,6.29531E-05,1.57383E-05,7.2179E-05,0.000213281,0.000144358,0.000145986,0.000107454,4.61294E-05,0.000429275,0.000106369,7.10936E-05,6.89228E-05,0.000122107,9.71432E-05,0.000132961,0.000121022,6.94655E-05,4.5044E-05,0.000362523,0.000410281,0.000637672,0.000238245,0.000105284,5.10137E-05,2.38788E-05,3.2562E-05,0.000178005,0.000348956,0.000411366,0.000295771,0.000331047,0.000130248,5.42699E-05,0.000188859,0.00023933,7.10936E-05,0.000107997,0.000437416,9.76859E-05,0.000201341,0.000131876,0.000103113,0.000745126,0.000131333,6.94655E-05,5.86115E-05,2.44215E-05,0.00033376,7.81487E-05,0.002360199,8.57465E-05,8.3033E-05,0.00038206,7.70633E-05,0.000173664,6.94655E-05,0.00023119,6.24104E-05,4.28732E-05,0.000391829,8.52038E-05,0.000113424,0.00046238,0.000235532,0.000398884,3.41901E-05,0.00014273,0.000517735,4.88429E-05,5.91542E-05,4.93856E-05,0.000212738,8.73746E-05,2.60496E-05,0.000610537,0.000261581,0.000501454,4.17878E-05,1.79091E-05,8.52038E-05,0.000211653
NH,1318194,0.000163861,0.000108482,0.00015324,0.000351997,0.000194205,0.000164619,4.17238E-05,0.000144137,1.9724E-05,0.000179791,0.000207102,0.000219998,0.000259446,0.000621305,0.000584891,0.000409651,0.000483237,0.000752545,0.000230619,8.19303E-05,1.66895E-05,3.79307E-05,0.000191929,0.000186619,9.10336E-05,9.17923E-05,5.99305E-05,0.000320135,0.000116068,5.76546E-05,5.53788E-05,0.000124413,8.57233E-05,0.000277653,0.000235929,0.000123654,5.08271E-05,0.000382341,0.000498409,0.000750269,0.000244274,9.33095E-05,1.74481E-05,7.20683E-05,5.84133E-05,0.000255653,0.000392962,0.000392203,0.000354273,0.000255653,0.000124413,7.81372E-05,0.00015324,0.000210136,9.48267E-05,0.00012593,0.00046503,5.6896E-05,0.000187378,0.000125171,0.00012593,0.000754062,0.000138826,2.95859E-05,2.27584E-05,7.81372E-05,0.000184343,6.37235E-05,0.001651502,2.95859E-05,4.62754E-05,0.000294342,8.34475E-05,8.19303E-05,6.37235E-05,0.000236687,8.19303E-05,1.74481E-05,0.000507513,9.78612E-05,0.000108482,0.000394479,0.000258687,0.000433168,4.17238E-05,0.000143378,0.000615994,5.6896E-05,7.13097E-05,1.74481E-05,0.000176757,5.61374E-05,3.79307E-05,0.000830682,0.000325445,2.04826E-05,0.000105447,6.90338E-05,0.000141861,0.00019724
NJ,8821155,9.2845E-05,0.000185463,0.000243279,0.000412531,0.000216185,0.000462524,0.000104521,0.000261984,0.000146239,0.000103388,0.000260283,0.000222647,0.000230242,0.000590626,0.000651389,0.00044518,0.000423414,0.000712038,0.000250421,0.000168799,0.000104521,0.000135243,0.000272753,0.000117105,0.0001476,0.000122546,9.29583E-05,0.000294633,0.000109623,9.72662E-05,0.000151114,0.000171179,8.72902E-05,0.000361631,0.000209496,0.000149187,0.000101007,0.000454249,0.000844221,0.001055871,0.000439965,0.000192492,9.31851E-05,0.000214598,0.000131615,0.000279669,0.00044416,0.000522154,0.000803523,0.000519546,0.000206776,7.76542E-05,0.000176167,0.000196346,0.000168459,0.000224007,0.000578722,0.000202241,0.000183876,0.000123453,0.000184443,0.000992954,0.000205302,8.70634E-05,8.36625E-05,7.62939E-05,9.43187E-05,5.02202E-05,0.001135679,1.65511E-05,7.10791E-05,0.000283183,9.39786E-05,5.46414E-05,0.000115744,0.000303022,0.000109736,0.000106902,0.000684151,0.000224574,0.000213577,0.000605476,0.000393826,0.000590739,9.908E-05,0.000309597,0.000846601,9.77196E-05,0.000114157,0.000122546,0.000422507,0.00018467,0.000121186,0.001242581,0.000404822,0.000286811,0.000114271,3.27621E-05,8.11685E-05,0.000178095
NM,2082224,6.14727E-05,3.45784E-05,0.000100854,0.000194023,9.98932E-05,0.000110459,1.63287E-05,8.54855E-05,8.6446E-06,4.89861E-05,6.62753E-05,8.21237E-05,0.000114781,0.000268463,0.000212273,0.000266542,0.000314568,0.000534044,0.000316969,4.41835E-05,3.50587E-05,2.4493E-05,0.000103735,5.90715E-05,3.89007E-05,4.80256E-05,6.09925E-05,0.00020603,5.85912E-05,3.02561E-05,9.84524E-05,4.3223E-05,2.78548E-05,8.59658E-05,8.11632E-05,5.33084E-05,1.77695E-05,0.000210832,0.00018826,0.000330896,0.000145037,5.47492E-05,1.63287E-05,6.53148E-05,2.40128E-05,0.000100373,0.000141675,0.000195944,0.000145998,0.000195944,7.97225E-05,1.39274E-05,7.05976E-05,9.94129E-05,6.77161E-05,7.29989E-05,0.000258378,8.4525E-05,8.6446E-05,4.85058E-05,7.25186E-05,0.000496104,6.1953E-05,4.61045E-05,5.18676E-05,2.30523E-05,0.00013063,1.72892E-05,0.001015261,2.83351E-05,4.22625E-05,0.00020603,7.63607E-05,4.89861E-05,4.37033E-05,8.83671E-05,2.88153E-05,1.34472E-05,0.00033762,9.65314E-05,0.000102775,0.000405336,0.000172412,0.00026222,2.0651E-05,0.000111419,0.000462006,1.873E-05,3.21771E-05,1.77695E-05,7.73212E-05,7.54001E-05,3.60192E-05,0.000646424,0.000292956,0.000271344,4.5144E-05,3.36179E-05,9.41301E-05,7.63607E-05
NV,2723322,0.000114199,5.87518E-05,0.000153856,0.000235007,0.000128152,0.000166708,3.48839E-05,0.00015202,6.68301E-05,9.10653E-05,5.87518E-05,5.7283E-05,0.000174787,0.00031726,0.000302572,0.000327908,0.000276501,0.000424482,0.000198654,3.67199E-05,3.08447E-05,0.000157895,0.00023207,9.29012E-05,5.87518E-05,6.75645E-05,5.50798E-05,0.000282743,8.33541E-05,3.96574E-05,5.47126E-05,7.41741E-05,5.21422E-05,8.99637E-05,7.49085E-05,2.68055E-05,3.01103E-05,0.000288985,0.000334151,0.000424114,0.000190576,0.000101714,5.94862E-05,2.64383E-05,0.000100612,0.000116035,0.000210405,0.000274297,0.000351776,0.000388496,0.000150551,3.37823E-05,0.00010355,0.000131457,4.6267E-05,0.000113464,0.00029229,9.03309E-05,9.69404E-05,6.20566E-05,9.76748E-05,0.000611386,9.51044E-05,6.2791E-05,4.58998E-05,3.78215E-05,0.000295228,2.64383E-05,0.000956552,0.000120441,2.38679E-05,0.000135129,7.93149E-05,0.000104652,5.87518E-05,0.000169646,4.14934E-05,2.75399E-05,0.000313955,0.00010355,0.000145778,0.000315056,0.000251531,0.000351776,4.95718E-05,8.62917E-05,0.00045349,1.87271E-05,4.84702E-05,2.97431E-05,0.000216647,6.64629E-05,0.000119707,0.000578705,0.000182865,3.15791E-05,8.55573E-05,4.95718E-05,0.00010355,0.000182498
NY,19465197,6.86353E-05,0.000159515,0.000182531,0.000273154,0.000146723,0.000297403,7.87559E-05,0.000231336,0.000148676,6.68372E-05,0.00014734,0.00014698,0.000198354,0.000417771,0.000433338,0.000337782,0.00033208,0.000583708,0.000233288,0.000116927,8.03485E-05,0.000108244,0.000184226,9.1959E-05,9.12911E-05,0.000107268,8.38419E-05,0.000429125,9.72505E-05,0.000127921,0.000119393,0.000119084,9.0315E-05,0.000242638,0.000144206,7.49029E-05,6.13402E-05,0.00030778,0.000533414,0.000682706,0.000306598,0.000142305,5.83092E-05,0.000140456,0.000114563,0.000187874,0.000319185,0.000367014,0.000759509,0.000656711,0.000159413,5.77441E-05,0.000104854,0.000129616,0.00010023,0.000163677,0.000442379,0.000131722,0.000125763,9.7456E-05,0.00013352,0.000890667,0.000156022,3.90954E-05,5.02435E-05,3.37012E-05,0.000111738,3.95578E-05,0.000995161,3.22113E-05,4.74693E-05,0.000216335,5.83092E-05,6.61694E-05,9.90486E-05,0.000247159,0.000111532,7.13581E-05,0.000525194,0.00019856,0.000190802,0.000547387,0.000287128,0.000426608,6.9971E-05,0.000175955,0.000641864,5.81037E-05,8.28145E-05,0.000107012,0.00035715,0.000136449,0.000150936,0.001128681,0.000376929,6.60666E-05,0.000189261,2.68171E-05,8.95958E-05,0.000199844
OH,11544951,0.000102729,0.00011269,0.000204159,0.000336597,0.000186055,0.000292942,9.51065E-05,0.000179039,0.000102556,0.000114855,0.000250153,0.000175921,0.000411002,0.000653619,0.000655958,0.000496841,0.000544394,0.000724299,0.000281941,0.000103249,4.31357E-05,0.000132092,0.000299525,0.000125596,9.6579E-05,9.27678E-05,9.6579E-05,0.000445823,0.000122997,0.000116934,0.000128021,0.00014881,0.000106887,0.000221482,0.000133911,5.79474E-05,9.28544E-05,0.000435775,0.000714252,0.000825989,0.000323691,0.000158771,7.40583E-05,0.000102989,9.53664E-05,0.000242097,0.000410223,0.00043257,0.000537551,0.000542575,0.000245215,7.2326E-05,0.000130187,0.00015496,9.88311E-05,0.000188741,0.000498919,0.000112084,0.000150022,8.96496E-05,0.000164054,0.000900307,0.000140321,4.52146E-05,4.19231E-05,6.99873E-05,0.00022001,5.81206E-05,0.001391258,7.19795E-05,5.46559E-05,0.000242877,4.36554E-05,0.000107579,6.78219E-05,0.000275185,8.0035E-05,5.9853E-05,0.000526204,0.000174015,0.000205285,0.000530015,0.00039749,0.000599916,8.83503E-05,0.000253271,0.000749852,8.1161E-05,9.57128E-05,8.63581E-05,0.000328455,0.00011936,7.709E-05,0.000944222,0.000290257,0.000241058,0.000131313,5.41362E-05,9.90043E-05,0.000189693
OK,3791508,0.000122115,5.90794E-05,0.000203613,0.000401423,0.000188579,0.000301991,6.06619E-05,0.000127917,4.93207E-05,0.000107345,0.000201503,0.000229724,0.00029065,0.000616641,0.000627455,0.000578662,0.000450744,0.000948963,0.000407753,7.25305E-05,3.45509E-05,0.000120533,0.000264275,0.000138731,0.000121324,0.000102861,0.000100751,0.000386654,0.000263747,0.000120269,7.85967E-05,0.000107345,8.99378E-05,0.000179348,0.000149281,7.3058E-05,8.57179E-05,0.000515098,0.000524857,0.000782011,0.000290122,0.000101279,4.87933E-05,0.000188316,8.41354E-05,0.000204932,0.000317815,0.000365818,0.000372147,0.000555979,0.000153501,5.48594E-05,0.0001506,0.000180139,7.88604E-05,0.000130819,0.000462877,9.86415E-05,0.000134511,9.96965E-05,0.000116576,0.000867201,0.000108136,6.67281E-05,5.85519E-05,4.6947E-05,0.000301463,7.01568E-05,0.001851506,0.000135039,5.2222E-05,0.00033153,8.54541E-05,0.000229724,6.25081E-05,0.000155611,4.08808E-05,3.21772E-05,0.000413292,0.000160095,0.000183568,0.000732426,0.000325992,0.000530396,9.20478E-05,0.00014216,0.000782538,7.06843E-05,6.85743E-05,6.85743E-05,0.000346564,0.000129236,8.54541E-05,0.001301593,0.000421204,0.000300144,8.41354E-05,8.80916E-05,0.000145852,0.000216009
OR,3871859,9.14289E-05,1.44633E-05,0.000112091,0.000205586,0.000109766,6.40519E-05,6.71512E-06,2.99598E-05,3.09929E-06,5.6562E-05,7.46411E-05,6.37936E-05,0.000169944,0.000140501,0.000154706,0.000103826,0.000189831,0.000324392,0.000122938,1.44633E-05,7.23167E-06,5.9403E-06,7.36081E-05,8.08397E-05,5.11382E-05,5.21713E-05,3.71914E-05,0.00017511,4.67476E-05,2.91849E-05,4.51979E-05,6.35354E-05,5.29461E-05,0.00010331,7.51577E-05,4.41648E-05,2.11785E-05,0.000176401,0.000232705,0.000329041,0.000124488,3.30591E-05,7.48994E-06,2.40195E-05,2.84101E-06,9.53031E-05,0.000154448,0.000144117,0.000118548,0.000123455,5.11382E-05,8.78131E-06,6.01778E-05,0.000105117,2.68605E-05,6.74095E-05,0.00023038,1.91123E-05,7.2575E-05,7.64491E-05,4.31317E-05,0.000291591,5.73368E-05,1.83374E-05,3.25425E-05,1.13641E-05,0.000213076,3.82245E-05,0.001094048,8.47138E-05,3.84828E-05,0.000149541,3.51252E-05,0.000222374,3.25425E-05,6.87008E-05,3.61583E-06,1.67878E-05,0.000175626,3.87411E-05,9.11707E-05,0.000195772,0.000153415,0.000196288,9.03959E-06,6.48267E-05,0.000211785,5.39792E-05,2.11785E-05,1.49799E-05,6.30188E-05,7.30915E-05,1.3172E-05,0.000630447,0.000169944,0.000103568,4.20986E-05,4.13238E-05,4.6231E-05,5.83699E-05
PA,12742886,7.87106E-05,0.000129876,0.000212903,0.000384764,0.000209136,0.00034223,8.58518E-05,0.000185437,0.000112847,0.000113004,0.000240605,0.0002038,0.00026399,0.00049251,0.00053112,0.000425257,0.000439069,0.000675357,0.000273564,0.000155773,7.44729E-05,8.91478E-05,0.000236132,0.000110101,0.000123755,0.000110807,7.83182E-05,0.000362163,0.000127915,0.000128385,0.000108453,0.000127365,8.13787E-05,0.000272858,0.000157657,8.17711E-05,8.99325E-05,0.000402735,0.000670335,0.000927106,0.000397791,0.000160325,6.67824E-05,8.67151E-05,7.2668E-05,0.000250571,0.000413172,0.000459472,0.000614774,0.000382645,0.000156166,6.42712E-05,0.00012658,0.00016519,9.80939E-05,0.000180179,0.000515189,0.00012713,0.00017602,0.000110807,0.000150515,0.000918238,0.000163228,4.31613E-05,4.52802E-05,5.08519E-05,0.000190773,5.48541E-05,0.001311477,5.06165E-05,5.19506E-05,0.000265089,6.81164E-05,0.000119596,8.88339E-05,0.000283374,0.00010241,6.45851E-05,0.000565178,0.000167074,0.000163699,0.00050177,0.000367421,0.000574831,7.54146E-05,0.000248688,0.000725581,9.03249E-05,9.51904E-05,7.44729E-05,0.000290515,0.000123755,6.4899E-05,0.000968933,0.000400851,0.000241782,0.000101468,3.88452E-05,9.26007E-05,0.000177275
RI,1051302,7.22913E-05,5.89745E-05,0.000172167,0.000273946,0.000134119,0.00017407,6.18281E-05,0.000157899,6.37305E-05,8.84617E-05,0.000249215,0.000326262,0.000173119,0.000577379,0.000570721,0.000450869,0.000370017,0.000747644,0.000283458,0.000109388,6.75353E-05,9.60713E-05,0.000136973,7.79985E-05,6.56329E-05,4.18529E-05,7.22913E-05,0.000165509,6.65841E-05,3.13896E-05,5.42185E-05,9.8925E-05,7.70473E-05,0.000318652,0.00019785,7.03889E-05,3.89993E-05,0.00019785,0.000590696,0.000780936,0.000267288,0.000123656,3.51945E-05,3.80481E-05,2.56824E-05,0.000262532,0.000353847,0.000346237,0.000446113,0.000236849,8.08521E-05,4.47065E-05,0.000119851,0.000183582,0.000161704,0.000160753,0.000485113,5.13649E-05,0.00012651,0.000106535,0.000138875,0.000741937,0.000121754,2.09264E-05,2.75848E-05,5.32673E-05,0.000225435,1.23656E-05,0.001147149,5.51697E-05,5.04137E-05,0.000259678,5.42185E-05,4.09017E-05,8.08521E-05,0.000135071,6.37305E-05,4.66089E-05,0.000567867,0.000140778,7.03889E-05,0.000346237,0.000230191,0.000484162,5.51697E-05,0.000211167,0.000829448,6.18281E-05,8.75105E-05,7.41937E-05,0.000307238,8.56081E-05,5.99257E-05,0.001004469,0.000314848,0.00038809,0.000298677,6.56329E-05,0.000108437,0.000114144
SC,4679230,0.000154085,0.000117113,0.000259017,0.000432977,0.000225037,0.000265215,6.56091E-05,0.000159642,2.82098E-05,0.000148529,0.000275686,0.000194476,0.000426352,0.000556929,0.000490465,0.000407118,0.000532353,0.000664426,0.000304751,0.000123311,5.81292E-05,0.00010942,0.000248759,0.000126944,0.000116258,0.00012096,0.000113266,0.000445586,9.55285E-05,9.55285E-05,0.000117968,9.74519E-05,9.08269E-05,0.000232731,0.000152589,9.27503E-05,9.03995E-05,0.000551159,0.000679385,0.000823212,0.000360102,0.000129295,8.14237E-05,0.000110275,0.000110916,0.00023038,0.000374421,0.000451356,0.000433618,0.000423574,0.000193408,6.06937E-05,0.000138057,0.000194049,7.62946E-05,0.000189347,0.000561203,0.000124807,0.000172251,0.000134638,0.000142331,0.000852704,0.000111557,7.37301E-05,8.14237E-05,9.63834E-05,0.000328259,6.15486E-05,0.001600477,0.000152589,5.36413E-05,0.000306247,6.75325E-05,0.000144682,8.46293E-05,0.000153871,4.723E-05,4.18872E-05,0.000420155,0.000201956,0.000250041,0.000608433,0.000441526,0.000693276,8.97584E-05,0.000279319,0.00079137,7.11656E-05,7.35164E-05,0.000102367,0.000419941,0.000128013,6.09075E-05,0.001120483,0.000456485,7.24478E-05,5.81292E-05,7.58672E-05,0.000103008,0.000183791
SD,824082,0.000189302,4.85389E-05,0.000185661,0.000393165,0.000201436,0.000200223,5.82466E-05,8.85834E-05,6.1887E-05,0.000180807,0.000149257,0.000213571,0.000167459,0.000309435,0.000330064,0.000297301,0.000455052,0.000955002,0.000379817,7.52352E-05,1.33482E-05,5.09658E-05,0.000225706,0.000253616,0.000151684,0.000185661,0.000140763,0.000586107,0.000207504,0.000131055,7.88756E-05,0.000144403,0.000319143,0.000213571,0.000109212,9.70777E-05,1.82021E-05,0.000458692,0.000430782,0.000654061,0.000241481,0.000101932,3.64041E-05,6.4314E-05,5.33927E-05,0.000197796,0.000305795,0.000395592,0.000249975,0.000334918,8.25161E-05,1.57751E-05,0.000229346,0.000362828,4.61119E-05,0.000145617,0.000506018,0.000107999,0.000163819,0.000114066,8.4943E-05,0.000705027,0.000111639,0.000114066,9.34373E-05,5.46062E-05,0.000621297,9.70777E-05,0.003301856,0.000105572,0.000112853,0.000498737,0.00014319,0.000140763,7.15948E-05,0.000283952,6.55275E-05,3.76176E-05,0.000435636,8.85834E-05,9.10104E-05,0.000521793,0.000190515,0.000399232,5.82466E-05,0.000109212,0.000502377,3.64041E-05,7.76622E-05,3.39772E-05,0.000120134,0.00011528,4.1258E-05,0.00058732,0.000211144,0.000603095,0.00011528,1.33482E-05,8.25161E-05,0.000157751
TN,6403353,0.000153982,7.74594E-05,0.000299687,0.000458822,0.000222071,0.000275793,8.51117E-05,0.000152889,3.37323E-05,0.000146798,0.000321394,0.000274387,0.000525818,0.000781309,0.000730711,0.000639665,0.000678551,0.000997759,0.000399478,0.000119469,4.9193E-05,0.000123841,0.000341071,0.000160229,0.000115721,0.00012228,0.000162259,0.000502237,0.000137116,0.000119937,0.000129776,0.000136959,0.000118063,0.000319832,0.000186465,0.00011291,0.000110411,0.000603434,0.000795208,0.000935604,0.000379333,0.000147735,6.63715E-05,0.000100416,0.000114003,0.000240499,0.000393544,0.000419624,0.000445235,0.000451014,0.000210671,7.63662E-05,0.000143206,0.000185684,8.57363E-05,0.000202238,0.000548619,0.000108068,0.00018053,0.000102759,0.000168037,0.000960747,0.000129463,7.40237E-05,6.74647E-05,8.7298E-05,0.000319208,0.000102759,0.00157152,0.000142113,8.79227E-05,0.000327329,0.000114471,0.000145861,9.63558E-05,0.000163664,6.18426E-05,5.93439E-05,0.000537375,0.00020458,0.000228943,0.000633574,0.00048865,0.000653095,6.46536E-05,0.000369338,0.00098589,9.77613E-05,8.74542E-05,7.52731E-05,0.000370431,0.000136491,8.04266E-05,0.001327742,0.000419155,0.000343414,5.84069E-05,0.000107288,0.000130244,0.000187246
TX,25674681,0.000111822,5.54243E-05,0.000177101,0.000298933,0.000151706,0.000207091,5.43726E-05,0.000117937,3.46256E-05,6.75374E-05,0.000163352,0.000149213,0.000225125,0.000424075,0.000382166,0.000296011,0.000372468,0.000558877,0.000249507,9.63595E-05,4.23764E-05,7.71577E-05,0.000205572,9.57363E-05,7.7703E-05,6.7031E-05,7.78588E-05,0.000231707,6.05266E-05,7.33018E-05,0.000129271,0.000112601,7.78588E-05,0.000158093,9.33605E-05,4.15195E-05,5.98255E-05,0.000288806,0.000506024,0.000577807,0.000221424,0.000103643,5.30094E-05,6.05266E-05,8.96214E-05,0.00015638,0.000251882,0.000275992,0.000288689,0.000305749,0.000159963,3.77025E-05,0.000103643,0.000132115,5.6398E-05,0.000137139,0.000341932,8.04294E-05,0.000120625,6.83942E-05,0.000125961,0.000573522,0.000102942,6.85111E-05,5.01272E-05,4.70892E-05,0.000210597,5.60864E-05,0.001172166,8.44022E-05,5.52295E-05,0.000233537,6.58626E-05,8.70507E-05,4.99714E-05,0.000119417,3.63004E-05,5.87349E-05,0.000398408,0.000133244,0.000215933,0.000446198,0.000313889,0.000436617,5.23862E-05,0.000214881,0.000677087,4.89977E-05,6.61352E-05,7.89494E-05,0.000285067,0.000119145,6.90953E-05,0.000901433,0.000313383,0.000201638,1.54627E-05,4.19479E-05,5.78001E-05,0.000114782
UT,2817222,3.86906E-05,9.93887E-06,8.09308E-05,0.000128495,6.88622E-05,4.29501E-05,4.61447E-06,3.5141E-05,3.90456E-06,0.000134885,7.17018E-05,6.46026E-05,7.9511E-05,0.000101873,4.89844E-05,3.33662E-05,0.000170736,0.000308105,0.000124946,1.02938E-05,5.32439E-06,9.22895E-06,5.96332E-05,6.06981E-05,4.01104E-05,4.79195E-05,6.49576E-05,0.000194518,3.05265E-05,5.14691E-05,2.6622E-05,3.37212E-05,9.22895E-06,2.37823E-05,1.63281E-05,3.90456E-06,3.30112E-05,0.000145888,0.000126721,0.000192743,5.82134E-05,2.59121E-05,4.61447E-06,4.61447E-06,6.74423E-06,5.18241E-05,6.9927E-05,7.73812E-05,6.88622E-05,6.31828E-05,3.12364E-05,1.45533E-05,4.89844E-05,8.48353E-05,2.30724E-05,4.54348E-05,0.000171091,1.59732E-05,5.85683E-05,4.4015E-05,2.52021E-05,0.000195938,4.04654E-05,1.88129E-05,2.37823E-05,2.41373E-05,0.000206941,4.437E-05,0.0012704,5.04043E-05,2.83968E-05,0.000125656,3.5141E-05,6.95721E-05,2.98166E-05,6.81522E-05,3.90456E-06,3.90456E-06,9.61941E-05,3.58509E-05,6.21179E-05,0.000200552,0.000117492,0.000181739,1.27785E-05,5.82134E-05,0.000222915,3.44311E-05,1.56182E-05,1.10037E-05,3.83356E-05,7.52514E-05,1.10037E-05,0.000604496,0.000190968,3.33662E-05,4.82745E-05,5.39539E-05,6.10531E-05,5.60836E-05
VA,8096604,0.000102142,9.51016E-05,0.000258627,0.000418447,0.000227626,0.000319023,6.78062E-05,0.000158832,7.12644E-05,0.000129066,0.000245906,0.000182916,0.000453523,0.000480942,0.000498234,0.000370155,0.000469333,0.000616802,0.000244794,0.000114739,5.84196E-05,7.991E-05,0.000203542,0.00011721,8.34918E-05,8.15157E-05,7.03999E-05,0.000265173,9.91774E-05,6.52125E-05,0.000104859,0.000120544,6.39774E-05,0.000207741,0.000152039,8.39858E-05,8.34918E-05,0.000335202,0.000720302,0.000773658,0.000279253,0.000119062,4.55747E-05,9.41135E-05,6.75592E-05,0.000220339,0.0003478,0.000395968,0.000511573,0.000482548,0.000167107,5.44673E-05,0.000117333,0.000171677,0.000111034,0.000187363,0.000517871,0.000100536,0.000156979,0.000108441,0.000130796,0.00079626,0.000121532,5.38497E-05,5.38497E-05,6.70652E-05,0.000260603,6.92883E-05,0.001532741,8.44799E-05,6.70652E-05,0.000267026,6.63241E-05,0.000111281,8.17627E-05,0.000193538,5.15031E-05,6.33599E-05,0.000448213,0.000174271,0.00018341,0.000494158,0.000400662,0.000587407,7.36111E-05,0.000251463,0.000693501,8.91732E-05,7.39816E-05,8.47269E-05,0.000288145,0.000123385,6.97823E-05,0.001220759,0.000441296,0.000240101,4.80448E-05,4.26105E-05,7.9169E-05,0.000154509
VT,626431,9.09917E-05,4.46977E-05,0.00016602,0.000253819,0.000164424,7.98173E-05,3.03306E-05,4.94867E-05,9.57807E-06,0.000126111,0.000151653,0.00019635,0.000247433,0.000486885,0.000451766,0.000292131,0.000363967,0.000932265,0.000348003,6.06611E-05,1.59635E-05,7.82209E-05,0.000143671,7.50282E-05,6.22575E-05,8.30099E-05,9.41844E-05,0.000218699,0.000103762,6.22575E-05,3.51196E-05,8.93953E-05,5.42757E-05,0.000129304,0.000132497,0.000111744,2.23488E-05,0.000132497,0.000292131,0.00051083,0.000197947,4.94867E-05,1.75598E-05,3.51196E-05,2.55415E-05,0.000156442,0.000241048,0.000327251,0.000207525,7.02392E-05,5.58721E-05,3.35232E-05,6.22575E-05,0.000137286,8.62026E-05,4.78904E-05,0.00042782,8.7799E-05,0.000137286,7.66246E-05,8.62026E-05,0.000482096,7.50282E-05,3.99086E-05,2.71379E-05,4.6294E-05,0.000180387,4.1505E-05,0.001147772,2.87342E-05,4.94867E-05,0.000257012,0.000103762,6.22575E-05,7.34319E-05,0.000122919,3.51196E-05,2.55415E-05,0.0003496,8.14136E-05,6.06611E-05,0.000292131,9.41844E-05,0.000277764,1.91561E-05,0.00010057,0.000383123,3.19269E-05,4.94867E-05,0.000517216,0.000172405,8.30099E-05,2.87342E-05,0.0007423,0.000387912,0.000386315,0.000106955,2.87342E-05,5.26794E-05,9.2588E-05
WA,6830038,7.77448E-05,2.37188E-05,0.000169106,0.000287114,0.000173498,0.00014934,3.48461E-05,8.55046E-05,1.61053E-05,9.47286E-05,0.000183454,0.000137481,0.000335723,0.000247729,0.000218008,0.000170277,0.000290482,0.000431476,0.000154025,3.9092E-05,1.09809E-05,3.98241E-05,0.000191653,9.4875E-05,5.05122E-05,6.72031E-05,6.06146E-05,0.000249779,6.29572E-05,4.407E-05,6.19323E-05,7.86233E-05,6.72031E-05,0.000127379,9.61927E-05,4.78767E-05,2.73791E-05,0.000181844,0.000401315,0.000451681,0.000177744,6.12002E-05,8.05266E-06,4.42164E-05,3.35284E-05,0.000151829,0.000236016,0.000227817,0.000227085,0.000245533,0.000102781,3.25035E-05,9.44358E-05,0.000143337,7.92089E-05,9.79497E-05,0.000338212,4.80232E-05,0.000121229,8.18443E-05,0.000100732,0.000460905,0.000105563,4.52413E-05,3.17714E-05,4.12882E-05,0.000191361,5.91505E-05,0.00135153,6.76424E-05,5.34404E-05,0.000211712,4.67055E-05,0.000219179,6.03218E-05,0.000115812,3.03073E-05,4.69983E-05,0.000298827,8.46262E-05,0.000129135,0.000275694,0.000245679,0.000346997,3.4114E-05,0.000153586,0.000391506,6.96921E-05,5.60758E-05,3.01609E-05,0.000157247,9.56071E-05,3.95313E-05,0.000958121,0.000303512,0.000127818,8.65295E-05,7.45237E-05,8.30156E-05,0.000100146
WI,5711767,0.000106622,9.40164E-05,0.000144439,0.000315314,0.000134284,0.000151092,3.79917E-05,8.70134E-05,4.44696E-05,0.000119753,0.000152142,0.000166323,0.000222523,0.000319691,0.000303409,0.000168774,0.000321442,0.000568125,0.000189083,5.91761E-05,1.62822E-05,3.04634E-05,0.000118877,0.000105747,8.87641E-05,5.91761E-05,7.44078E-05,0.000287127,9.15654E-05,7.30072E-05,6.1277E-05,0.000104696,4.35942E-05,0.000153718,9.05149E-05,3.43151E-05,5.47992E-05,0.000274871,0.00041966,0.000635355,0.000226025,6.28527E-05,9.27909E-06,3.30896E-05,2.55613E-05,0.000165973,0.000278898,0.000269969,0.000239856,0.000219022,0.000113625,3.69413E-05,0.000101545,0.000181555,6.26776E-05,9.94438E-05,0.000407054,6.5829E-05,0.000124305,7.12564E-05,9.71678E-05,0.00059036,9.62924E-05,3.78167E-05,2.17096E-05,3.76416E-05,0.000140937,4.49948E-05,0.001593027,3.60659E-05,4.21936E-05,0.000238805,3.55407E-05,8.56127E-05,5.40988E-05,0.00018173,5.63748E-05,4.37693E-05,0.000383069,8.91143E-05,0.000112575,0.000386395,0.000219722,0.000406004,3.43151E-05,0.00010312,0.000471483,7.91349E-05,8.3862E-05,2.76622E-05,0.000152842,0.000100494,2.08342E-05,0.000855602,0.000354181,0.000432791,0.000152842,4.04428E-05,7.31823E-05,0.000187157
WV,1855364,0.000191876,0.000107796,0.000245235,0.000486697,0.000257092,0.000460287,9.00093E-05,0.000260326,6.73722E-05,0.000134205,0.000307756,0.000296977,0.000618747,0.001097898,0.001276838,0.00115449,0.000752952,0.001298398,0.00054329,0.000127199,7.1684E-05,0.000171395,0.000454358,0.000162771,0.000106718,0.000101867,0.000201578,0.000591798,0.000135822,0.000118575,0.000139595,0.000153609,0.000138517,0.000364888,0.000281346,0.000150375,6.14435E-05,0.000693125,0.000874761,0.001089813,0.000491548,0.000275418,0.000119114,0.000313685,0.000102406,0.000273262,0.00054329,0.000655397,0.000695281,0.0008435,0.000158459,0.00010025,0.000141212,0.000184869,0.000106179,0.000207506,0.00065917,0.00019511,0.000239306,0.000116419,0.000176785,0.001397569,0.000146063,9.91719E-05,7.65348E-05,0.000127199,0.000130972,5.33588E-05,0.00147626,7.86908E-05,7.86908E-05,0.000317997,0.000108335,0.000112646,7.3301E-05,0.000297516,6.84502E-05,5.98265E-05,0.000750796,0.000241462,0.00015792,0.000685041,0.000427948,0.000770738,9.37821E-05,0.000289431,0.00120731,7.54569E-05,9.6477E-05,9.86329E-05,0.000468372,0.000140673,6.68332E-05,0.001132931,0.0004743,7.86908E-05,6.41384E-05,8.46195E-05,0.000166544,0.000303983
WY,568158,7.74432E-05,2.64011E-05,3.87216E-05,0.000172487,5.28022E-05,9.85641E-05,1.93608E-05,5.28022E-05,1.40806E-05,0.000114405,7.2163E-05,8.44835E-05,0.00023057,0.000288652,0.000207689,0.000323854,0.000216489,0.000640667,0.000311533,1.93608E-05,1.05604E-05,2.81612E-05,0.000137286,0.000100324,5.98425E-05,8.27235E-05,4.92821E-05,0.000276332,3.34414E-05,2.2881E-05,2.64011E-05,3.34414E-05,4.40018E-05,5.45623E-05,7.92033E-05,4.7522E-05,5.28022E-05,0.000179528,0.000140806,0.000406577,0.000186568,5.10421E-05,2.2881E-05,2.2881E-05,3.16813E-05,5.45623E-05,0.000167207,0.000207689,6.33627E-05,0.000179528,2.99213E-05,4.22418E-05,6.68828E-05,0.000103844,5.10421E-05,7.39231E-05,0.000292172,5.45623E-05,0.000109125,8.62436E-05,1.93608E-05,0.000378416,5.28022E-05,5.80824E-05,2.2881E-05,5.28022E-05,0.000297452,0.000112645,0.001094766,0.000130245,2.64011E-05,0.000146086,5.45623E-05,0.000117925,4.7522E-05,0.000112645,3.16813E-05,2.2881E-05,0.000202408,7.92033E-05,4.04817E-05,0.000373136,6.33627E-05,0.000177767,2.4641E-05,5.10421E-05,0.000392496,0.000410097,0.000265771,4.04817E-05,0.000103844,3.34414E-05,5.98425E-05,0.000371376,0.000154886,5.98425E-05,2.4641E-05,2.11209E-05,5.45623E-05,8.09634E-05
